AUTHOR,JOURNAL,MONTH,YEAR,POEM TITLE,FILENAME,VOL,NO,NOTES
BEERS_HENRY,LiR,3,1914,The Dying Pantheist to the Priest,lir0060.txt,1,1,Added
E_A,LiR,3,1914,The Dreams of the Children,lir0058.txt,1,1,Added
FICKE_ARTHUR,LiR,3,1914,Kiyonobu Speaks,lir0061.txt,1,1,Added
FICKE_ARTHUR,LiR,3,1914,Figure By Okumura Masanoby,lir0062.txt,1,1,Added
FICKE_ARTHUR,LiR,3,1914,Pillar-Print by Kiyomitsu,lir0063.txt,1,1,Added
FICKE_ARTHUR,LiR,3,1914,Pillar-Print by Toyonobu,lir0064.txt,1,1,Added
FICKE_ARTHUR,LiR,3,1914,Pillar-Print by Harunobu,lir0065.txt,1,1,Added
LINDSAY_NICHOLAS,LiR,3,1914,How a Little Girl Danced,lir0057.txt,1,1,Added
MEYNELL_ALICE,LiR,3,1914,The Garden,lir0066.txt,1,1,Added
SOULE_GEORGE,LiR,3,1914,The Major Symphony,lir0067.txt,1,1,Added
TIETJENS_EUNICE,LiR,3,1914,To a Lost Friend,lir0059.txt,1,1,Added
FICKE_ARTHUR,LiR,4,1914,Lines for Two Futurists,lir0069.txt,1,2,Added
SOULE_GEORGE,LiR,4,1914,Rebellion,lir0068.txt,1,2,Added
TEASDALE_SARA,LiR,4,1914,To E,lir0070.txt,1,2,Added
TIETJENS_EUNICE,LiR,4,1914,To S,lir0071.txt,1,2,Added
ALDIS_MARY,LiR,5,1914,Chloroform,lir0072.txt,1,3,Added
FARLEY_PARKE,LiR,5,1914,Patriots,lir0074.txt,1,3,Added
SOULE_GEORGE,LiR,5,1914,Impression,lir0073.txt,1,3,Added
ANDERSON_MARGARET,LiR,6,1914,A Wonder-Child Violinist,lir0076.txt,1,4,Added
LINDSAY_NICHOLAS,LiR,6,1914,Blanche Sweet - Moving-Picture Artist,lir0077.txt,1,4,Added
LINDSAY_NICHOLAS,LiR,6,1914,"Girl, You Shall Mock No Longer",lir0078.txt,1,4,Added
LINDSAY_NICHOLAS,LiR,6,1914,The Amaranth,lir0079.txt,1,4,Added
LINDSAY_NICHOLAS,LiR,6,1914,An Argument,lir0080.txt,1,4,Added
LINDSAY_NICHOLAS,LiR,6,1914,Darling Daughter of Babylon,lir0081.txt,1,4,Added
LINDSAY_NICHOLAS,LiR,6,1914,I Went Down Into the Desert,lir0082.txt,1,4,Added
LINDSAY_NICHOLAS,LiR,6,1914,Encountered on the Streets of the City,lir0083.txt,1,4,Added
LINDSAY_NICHOLAS,LiR,6,1914,The Stubborn Mouse,lir0084.txt,1,4,Added
LINDSAY_NICHOLAS,LiR,6,1914,The Sword-Pen of the Rhymer,lir0085.txt,1,4,Added
TIETJENS_EUNICE,LiR,6,1914,Gloria Mundi,lir0086.txt,1,4,Added
WILKINSON_MARGUERITE,LiR,6,1914,To William Butler Yeats,lir0075.txt,1,4,Added
WILSON_CHARLOTTE,LiR,6,1914,Keats and Fannie Brawne,lir0087.txt,1,4,Added
ASHLEIGH_CHARLES,LiR,7,1914,Beyond Good and Evil,lir0088.txt,1,5,Added
ASHLEIGH_CHARLES,LiR,7,1914,Love in the Abyss,lir0089.txt,1,5,Added
ASHLEIGH_CHARLES,LiR,7,1914,Jealousy,lir0090.txt,1,5,Added
ASHLEIGH_CHARLES,LiR,7,1914,The Glorious Adventure of Glorious Me,lir0091.txt,1,5,Added
FLINT_F,LiR,7,1914,The Swan,lir0092.txt,1,5,Added
IVERSON_SADE,LiR,7,1914,The Milliner,lir0093.txt,1,5,Added
BODENHEIM_MAXWELL,LiR,9,1914,After Feeling Deux Arabesque by Debussy,lir0095.txt,1,6,Added
BODENHEIM_MAXWELL,LiR,9,1914,Let Me Not Live Too Long,lir0096.txt,1,6,Added
BODENHEIM_MAXWELL,LiR,9,1914,To the Violinist,lir0097.txt,1,6,Added
BODENHEIM_MAXWELL,LiR,9,1914,Gifts,lir0098.txt,1,6,Added
BODENHEIM_MAXWELL,LiR,9,1914,Hell,lir0099.txt,1,6,Added
BODENHEIM_MAXWELL,LiR,9,1914,To a Woman,lir0100.txt,1,6,Added
LOWELL_AMY,LiR,9,1914,"Clear, With Light Variable Winds",lir0102.txt,1,6,Added
LOWELL_AMY,LiR,9,1914,Fool's Moneybags,lir0103.txt,1,6,Added
SOULE_GEORGE,LiR,9,1914,The Restaurant Violin,lir0094.txt,1,6,Added
TIETJENS_EUNICE,LiR,9,1914,Children of War,lir0101.txt,1,6,Added
BYNNER_WITTER,LiR,10,1914,Two Churches on Sunday,lir0105.txt,1,7,Added
BYNNER_WITTER,LiR,10,1914,The Last Words of Tolstoi,lir0106.txt,1,7,Added
BYNNER_WITTER,LiR,10,1914,Apollo Sings,lir0107.txt,1,7,Added
CANNELL_SKIPWITH,LiR,10,1914,The Silver Ship,lir0109.txt,1,7,Added
CANNELL_SKIPWITH,LiR,10,1914,The Butterfly,lir0110.txt,1,7,Added
FICKE_ARTHUR,LiR,10,1914,The Wicked to the Wise,lir0104.txt,1,7,Added
HOYT_HELEN,LiR,10,1914,Cause,lir0108.txt,1,7,Added
BODENHEIM_MAXWELL,LiR,11,1914,Expressions of a Child's face,lir0118.txt,1,8,Added
BODENHEIM_MAXWELL,LiR,11,1914,Emotions,lir0119.txt,1,8,Added
BODENHEIM_MAXWELL,LiR,11,1914,To - ,lir0120.txt,1,8,Added
BODENHEIM_MAXWELL,LiR,11,1914,To Handpainted Chinaware,lir0121.txt,1,8,Added
BODENHEIM_MAXWELL,LiR,11,1914,Study of a Face,lir0122.txt,1,8,Added
BODENHEIM_MAXWELL,LiR,11,1914,An Old Man Humming a Song,lir0123.txt,1,8,Added
IRIS_SCHARMEL,LiR,11,1914,The Forest of the Sky,lir0113.txt,1,8,Added
IRIS_SCHARMEL,LiR,11,1914,Iteration,lir0114.txt,1,8,Added
IRIS_SCHARMEL,LiR,11,1914,April,lir0115.txt,1,8,Added
IRIS_SCHARMEL,LiR,11,1914,Scarlet - White,lir0116.txt,1,8,Added
IRIS_SCHARMEL,LiR,11,1914,Three Apples,lir0117.txt,1,8,Added
TAGORE_RABINDRANATH,LiR,11,1914,Union,lir0111.txt,1,8,Added
VOLOSHIN_MAXIMILIAN,LiR,11,1914,The Birth of a Poem,lir0112.txt,1,8,Added
AIKEN_CONRAD,LiR,12,1914,Parasite,lir0131.txt,1,9,Added
ALDINGTON_RICHARD,LiR,12,1914,On a Motor-Bus at Night,lir0127.txt,1,9,Added
ALDINGTON_RICHARD,LiR,12,1914,"Church Walk, Kensington",lir0128.txt,1,9,Added
ASHLEIGH_CHARLES,LiR,12,1914,A Miracly,lir0126.txt,1,9,Added
HOYT_HELEN,LiR,12,1914,Sufficience,lir0129.txt,1,9,Added
HOYT_HELEN,LiR,12,1914,Star Trouble,lir0130.txt,1,9,Added
TIETJENS_EUNICE,LiR,12,1914,Winter Rain,lir0125.txt,1,9,Added
VILLEMARQUE_HERSART,LiR,12,1914,The Prophecy of Gwic'hlan,lir0124.txt,1,9,Added
BEAUDUIN_NICOLAS,LiR,1,1915,The New Beauty,lir0015.txt,1,10,Added
FRANK_FLORENCE,LiR,1,1915,Dawn in the Hills,lir0007.txt,1,10,Added
IVERSON_SADE,LiR,1,1915,Little Flowers from a Milliner's Box: Reminders,lir0011.txt,1,10,Added
IVERSON_SADE,LiR,1,1915,Eidolons,lir0012.txt,1,10,Added
IVERSON_SADE,LiR,1,1915,Voices,lir0013.txt,1,10,Added
IVERSON_SADE,LiR,1,1915,Ten Square Feet of Garden,lir0014.txt,1,10,Added
LOWELL_AMY,LiR,1,1915,The Allies,lir0010.txt,1,10,Added
MASTERS_EDGAR,LiR,1,1915,Caroline Branson,lir0009.txt,1,10,Added
SWAWITE_MARGUERITE,LiR,1,1915,I am Woman,lir0008.txt,1,10,Added
BODENHEIM_MAXWELL,LiR,2,1915,While Hearing a Litle Song,lir0046.txt,1,11,Added
FLETCHER_JOHN,Lir,2,1915,Green Symphony,lir0049.txt,1,11,Added
GOETHE_JOHANN,LiR,2,1915,A Hymn to Nature,lir0045.txt,1,11,Added
LOWELL_AMY,LiR,2,1915,Bright Sunlight,lir0047.txt,1,11,Added
LOWELL_AMY,LiR,2,1915,Ely Cathedral,lir0048.txt,1,11,Added
BRITON_ELOISE,LiR,3,1915,The Acrobat,lir0145.txt,2,1,Added
FICKE_ARTHUR,LiR,3,1915,Why Women Hate Artists,lir0132.txt,2,1,Added
FICKE_ARTHUR,LiR,3,1915,The Prudent Lover,lir0133.txt,2,1,Added
FICKE_ARTHUR,LiR,3,1915,A Poetry-Party,lir0134.txt,2,1,Added
FICKE_ARTHUR,LiR,3,1915,Portrait of a Spiritually Disturbed Gentleman,lir0135.txt,2,1,Added
FICKE_ARTHUR,LiR,3,1915,"A Portrait of the Incomparable John Cowper Powys, Esq/",lir0136.txt,2,1,Added
FICKE_ARTHUR,LiR,3,1915,To an Outrageous Person,lir0137.txt,2,1,Added
FICKE_ARTHUR,LiR,3,1915,In a Bar Room,lir0138.txt,2,1,Added
FICKE_ARTHUR,LiR,3,1915,The Devil Among the Tailors,lir0139.txt,2,1,Added
FICKE_ARTHUR,LiR,3,1915,The Newest Believer,lir0140.txt,2,1,Added
FICKE_ARTHUR,LiR,3,1915,Song of a Very Small Devil,lir0141.txt,2,1,Added
SCHNACK_FRITZ,LiR,3,1915,Blooming Sunlight (tr. William Saphier),lir0142.txt,2,1,Added
SCHNACK_FRITZ,LiR,3,1915,Evening Gift (tr. William Saphier),lir0143.txt,2,1,Added
SOULE_GEORGE,LiR,3,1915,Winter's Pride,lir0144.txt,2,1,Added
CANNELL_SKIPWITH,LiR,4,1915,In the forest,lir0148.txt,2,2,
CANNELL_SKIPWITH,LiR,4,1915,The Dance,lir0150.txt,2,2,
CANNELL_SKIPWITH,LiR,4,1915,The Flood tide,lir0149.txt,2,2,
ONEIL_DAVID,LiR,4,1915,Apathy,lir0151.txt,2,2,Added
ONEIL_DAVID,LiR,4,1915,One Way Out,lir0152.txt,2,2,Added
ONEIL_DAVID,LiR,4,1915,Victory,lir0153.txt,2,2,Added
ONEIL_DAVID,LiR,4,1915,Our Son Jack,lir0154.txt,2,2,Added
ONEIL_DAVID,LiR,4,1915,The Oak,lir0155.txt,2,2,Added
ONEIL_DAVID,LiR,4,1915,Moods and Moments,lir0156.txt,2,2,Added
SAPHIER_WILLIAM,LIR,4,1915,Lights in fog,lir0146.txt,2,2,
SAPHIER_WILLIAM,LiR,4,1915,The Old prize fighter,lir0147.txt,2,2,
BODENHEIM_MAXWELL,LiR,5,1915,  A Head,lir0160.txt,2,3,
BODENHEIM_MAXWELL,LiR,5,1915,  Silence,lir0159.txt,2,3,
BODENHEIM_MAXWELL,LiR,5,1915,  The Operation,lir0161.txt,2,3,
DAWSON_MITCHELL,LiR,5,1915,  Harpy,lir0164.txt,2,3,
DAWSON_MITCHELL,LiR,5,1915,  Santa Maria del Carmine,lir0163.txt,2,3,
DAWSON_MITCHELL,LiR,5,1915,  Termaggio,lir0165.txt,2,3,
DAWSON_MITCHELL,LiR,5,1915, Cantina,lir0162.txt,2,3,
DAWSON_MITCHELL,LiR,5,1915,Under the Cypresses,lir0166.txt,2,3,Added 
HOYT_HELEN,LiR,5,1915,Words out of waking,lir0157.txt,2,3,
IVERSON_SADE,LiR,5,1915,Who wants the blue silk roses?,lir0158.txt,2,3,
SCHNACK_FRITZ,LiR,5,1915,Echo (tr. William Saphier),lir0167.txt,2,3,
SOULE_GEORGE,LiR,5,1915, Solitude,lir0168.txt,2,3,
ALDINGTON_RICHARD,LiR,7,1915,  Blue a conceit,lir0176.txt,2,4,
ALDINGTON_RICHARD,LiR,7,1915,  Christine,lir0178.txt,2,4,
ALDINGTON_RICHARD,LiR,7,1915,  The Retort discorteous,lir0177.txt,2,4,
ANONYMOUS,LiR,7,1915,To M,lir0179.txt,2,4,Added - No Author
BYNNER_WITTER,LiR,7,1915, Scarron's epitaph,lir0174.txt,2,4,
BYNNER_WITTER,LiR,7,1915, Villon's epitaph,lir0173.txt,2,4,
FICKE_ARTHUR,LiR,7,1915,   Rupert Brooke a memory,lir0171.txt,2,4,
FOLGARE_LUCIANA,LiR,7,1915,The Submarine (tr. Anne Simon),lir0175.txt,2,4,
SHANAFELT_CLARA,LiR,7,1915,Fantastic,lir0169.txt,2,4,
SHANAFELT_CLARA,LiR,7,1915,Interlude,lir0170.txt,2,4,
TIETJENS_EUNICE,LiR,7,1915,To a West Indian alligator,lir0172.txt,2,4,
ALDINGTON_RICHARD,LiR,8,1915,  Poems of Myrrhine Mitylene and Konallis,lir0180.txt,2,5,
HENDERSON_ALICE,LiR,8,1915,A Mountain of fire,lir0182.txt,2,5,
HENDERSON_ALICE,LiR,8,1915,Kathleen,lir0183.txt,2,5,
HENDERSON_ALICE,LiR,8,1915,Miss Ungeriches Japanese play,lir0184.txt,2,5,
HENDERSON_ALICE,LiR,8,1915,The Snow flakes,lir0185.txt,2,5,
HOYT_HELEN,LiR,8,1915,Rooming,lir0181.txt,2,5,
LOWELL_AMY,LiR,8,1915,Patterns,lir0191.txt,2,5,
MacKAYE_ARVIA,LiR,8,1915,Fire Castles,lir0186.txt,2,5,
MacKAYE_ARVIA,LiR,8,1915,The Unknown race,lir0187.txt,2,5,
MacKAYE_ARVIA,LiR,8,1915,Zephyr,lir0188.txt,2,5,
MacKAYE_ROBIN,LiR,8,1915,The Swimming pool,lir0189.txt,2,5,
MacKAYE_ROBIN,LiR,8,1915,To a turtle,lir0190.txt,2,5,
MASTERS_EDGAR,LiR,8,1915,Father and daughter,lir0192.txt,2,5,
ALDINGTON_RICHARD,LiR,9,1915,Lesbia,lir0193.txt,2,6,Added
ALDINGTON_RICHARD,LiR,9,1915,In the Via Sestina,lir0194.txt,2,6,Added
ALDINGTON_RICHARD,LiR,9,1915,Au Vieux Jardin,lir0195.txt,2,6,Added
ALDINGTON_RICHARD,LiR,9,1915,Round-Pond,lir0196.txt,2,6,Added
ALDINGTON_RICHARD,LiR,9,1915,The Poplar,lir0197.txt,2,6,Added
ALDINGTON_RICHARD,LiR,9,1915,New Love,lir0198.txt,2,6,Added
BODENHEIM_MAXWELL,LiR,9,1915,Pastels,lir0206.txt,2,6,Added
BODENHEIM_MAXWELL,LiR,9,1915,Thoughts,lir0207.txt,2,6,Added
BODENHEIM_MAXWELL,LiR,9,1915,To A Woman in the Park,lir0208.txt,2,6,Added
FICKE_ARTHUR,LiR,9,1915,Caf? Sketches,lir0199.txt,2,6,Added
HECHT_BEN,LiR,9,1915,Moods,lir0200.txt,2,6,Added
HECHT_BEN,LiR,9,1915,Sorrow,lir0201.txt,2,6,Added
HECHT_BEN,LiR,9,1915,Humoresque,lir0202.txt,2,6,Added
HECHT_BEN,LiR,9,1915,Rain,lir0203.txt,2,6,Added
HECHT_BEN,LIR,9,1915,An Invitation to Cheat Posterity,lir0204.txt,2,6,Added
HECHT_BEN,LiR,9,1915,My Island,lir0205.txt,2,6,Added
BYNNER_WITTER,LiR,10,1915,I Shall Come to You Again,lir0209.txt,2,7,Added
BYNNER_WITTER,LiR,10,1915,Sicilia,lir0210.txt,2,7,Added
BYNNER_WITTER,LiR,10,1915,Christian,lir0211.txt,2,7,Added
BYNNER_WITTER,LiR,10,1915,Marriage,lir0212.txt,2,7,Added
DAWSON_MITCHELL,LiR,10,1915,Leather Lane,lir0220.txt,2,7,Added
HECHT_BEN,LiR,10,1915,Night,lir0213.txt,2,7,Added
HECHT_BEN,LiR,10,1915,Sleep Song,lir0214.txt,2,7,Added
HECHT_BEN,LiR,10,1915,Autumn Song,lir0215.txt,2,7,Added
HECHT_BEN,LiR,10,1915,Death Song,lir0216.txt,2,7,Added
HECHT_BEN,LiR,10,1915,The Synagogue,lir0217.txt,2,7,Added
HECHT_BEN,LiR,10,1915,In the Sun,lir0218.txt,2,7,Added
HECHT_BEN,LiR,10,1915,On the Beach,lir0219.txt,2,7,Added
ANDERSON_MARGARET,LiR,11,1915,Life Itself,lir0221.txt,2,8,Added
FICKE_ARTHUR,LiR,11,1915,Portrait of Theodore Dreiser,lir0222.txt,2,8,Added
MASTERS_EDGAR,LiR,11,1915,So We Grew Together,lir0223.txt,2,8,Added
ALDIS_MARY,LiR,12,1915,Ellie,lir0226.txt,2,9,Added
BODENHEIM_MAXWELL,LiR,12,1915, Images of Life and Death,lir0225.txt,2,9,Added
OBRIEN_EDWARD,LiR,12,1915,Hellenica,lir0224.txt,2,9,Added
D_H,LiR,2,1916,Late spring,lir0020.txt,2,10,
D_H,LiR,2,1916,Night,lir0021.txt,2,10,
DAWSON_MITCHELL,LiR,2,1916,  In passing,lir0017.txt,2,10,
DAWSON_MITCHELL,LiR,2,1916,  Teresa,lir0018.txt,2,10,
DAWSON_MITCHELL,LiR,2,1916,  Threat,lir0016.txt,2,10,
DEAN_HARRIET,LiR,2,1916,Debutante,lir0022.txt,2,10,
DEAN_HARRIET,LiR,2,1916,The Pillar,lir0023.txt,2,10,
ONEIL_DAVID,LiR,2,1916,Solitude,lir0024.txt,2,10,
SEIFFERT_MARJORIE,LiR,2,1916,The Picnic,lir0019.txt,2,10,
ALDINGTON_RICHARD,LiR,3,1916,Bloomsbury Square,lir0227.txt,3,1,Added
ALDINGTON_RICHARD,LiR,3,1916,Epigram,lir0228.txt,3,1,Added
DORGE_JEANNE,LiR,3,1916,The Cup,lir0233.txt,3,1,Added
DORGE_JEANNE,LiR,3,1916,The Stranger,lir0234.txt,3,1,Added
DORGE_JEANNE,LiR,3,1916,The Kiss,lir0235.txt,3,1,Added
DORGE_JEANNE,LiR,3,1916,The Interpreter,lir0236.txt,3,1,Added
DORGE_JEANNE,LiR,3,1916,The Sealed Package,lir0237.txt,3,1,Added
DORGE_JEANNE,LiR,3,1916,Memories,lir0238.txt,3,1,Added
HOYT_HELEN,LiR,3,1916,Cheap,lir0229.txt,3,1,Added
LOWELL_AMY,LiR,3,1916,First Movement,lir0230.txt,3,1,Added
LOWELL_AMY,LiR,3,1916,Second Movement,lir0231.txt,3,1,Added
LOWELL_AMY,LiR,3,1916,Third Movement,lir0232.txt,3,1,Added
BERSTL_JULIUS,LiR,4,1916,Highland (tr. William Saphier),lir0242.txt,3,2,Added
CHEYNE_ELIZABETH,LiR,4,1916,The Cry,lir0239.txt,3,2,Added
CHEYNE_ELIZABETH,LiR,4,1916,The Excuse,lir0240.txt,3,2,Added
CHEYNE_ELIZABETH,LiR,4,1916,The Cross,lir0241.txt,3,2,Added
FICKE_ARTHUR,LiR,4,1916,"To John Cowper, On His ""Confessions""",lir0249.txt,3,2,Added
SANDBURG_CARL,LiR,4,1916,Gone,lir0245.txt,3,2,Added
SANDBURG_CARL,LiR,4,1916,Graves,lir0246.txt,3,2,Added
SANDBURG_CARL,LiR,4,1916,Choices,lir0247.txt,3,2,Added
SANDBURG_CARL,LiR,4,1916,Child of the Romans,lir0248.txt,3,2,Added
SCHNACK_FRITZ,LiR,4,1916,Young Days (tr. William Saphier),lir0243.txt,3,2,Added
SCHNACK_FRITZ,LiR,4,1916,One Morning (tr. William Saphier),lir0244.txt,3,2,Added
A_M,LiR,5,1916,White Mists,lir0251.txt,3,3,Added
CARR_DAPHNE,LiR,5,1916,Welt Schmertz,lir0260.txt,3,3,Added
CARR_DAPHNE,LiR,5,1916,Prisoners,lir0261.txt,3,3,Added
FICKE_ARTHUR,LiR,5,1916,Dream of a Chinese Landscape,lir0257.txt,3,3,Added
FICKE_ARTHUR,LiR,5,1916,Dream of a Chinese Rock Promontory,lir0258.txt,3,3,Added
FICKE_ARTHUR,LiR,5,1916,The Golden Symphony,lir0259.txt,3,3,Added
HECHT_BEN,LiR,5,1916,The Incense Burner,lir0254.txt,3,3,Added
HECHT_BEN,Lir,5,1916,The Goldfish in a Bowl,lir0255.txt,3,3,Added
HECHT_BEN,LiR,5,1916,A Nude,lir0256.txt,3,3,Added
LOWELL_AMY,LiR,5,1916,Off the Turnpike,lir0252.txt,3,3,Added
TURBYFILL_MARK,LiR,5,1916,Amber Monochrone,lir0253.txt,3,3,Added
VERLAINE_PAUL,LiR,5,1916,Nocturne (tr. Clara Shanafelt),lir0250.txt,3,3,Added
ALDINGTON_RICHARD,LiR,7,1916,After Two Years,lir0272.txt,3,4,Added
CANNELL_SKIPWITH,LiR,7,1916,Scorn,lir0264.txt,3,4,
CANNELL_SKIPWITH,LiR,7,1916,The Deeper scorn,lir0265.txt,3,4,
CANNELL_SKIPWITH,LiR,7,1916,Wonder-song,lir0263.txt,3,4,
D_H,LiR,7,1916,Temple - The Cliff,lir0273.txt,3,4,Added
D_H,LiR,7,1916,Hermes of the Ways,lir0275.txt,3,4,Added
D_H,LiR,7,1916,"Whirl up, sea...",lir0276.txt,3,4,Added
D_H,LiR,7,1916,O wind…,lir0277.txt,3,4,Added
D_H,LiR,7,1916,The Wind Sleepers,lir0278.txt,3,4,Added
FLETCHER_JOHN,LiR,7,1916,An Unquiet Street,lir0274.txt,3,4,Added
FLINT_F,LiR,7,1916,The Star,lir0280.txt,3,4,Added
HUNT_RICHARD,LiR,7,1916,Song of the killing liars,lir0279.txt,3,4,
MACDONAGH_THOMAS,LiR,7,1916,Wishes for my Son,lir0270.txt,3,4,Added
MASTERS_EDGAR,LiR,7,1916,Hokku,lir0266.txt,3,4,
DORGE_JEANNE,LiR,7,1916,I wish there were someone…,lir0262.txt,3,4,Added
PEARSE_PADRAIC,LiR,7,1916,To Death,lir0269.txt,3,4,Added
PLUNKETT_JOSEPH,LiR,7,1916,I See His Blood Upon the Roses,lir0271.txt,3,4,Added
TURBYFILL_MARK,LiR,7,1916,The Rose jar,lir0268.txt,3,4,
TURBYFILL_MARK,LiR,7,1916,Thin day,lir0267.txt,3,4,
GOLDEN_SUE,LiR,8,1916,Julia to Jim,lir0282.txt,3,5,Added
HECHT_BEN,LiR,8,1916,The Poet Sings to the World,lir0284.txt,3,5,Added
HOYT_HELEN,LiR,8,1916,The Tree,lir0281.txt,3,5,Added
LOWELL_AMY,LiR,8,1916,Wakefulness,lir0283.txt,3,5,Added
ALDINGTON_RICHARD,LiR,11,1918,Myrrhine and Konallis,lir0285.txt,3,7,Added
BRAZIER_STEFAN,LiR,11,1916,  Hate,lir0290.txt,3,7,
BRAZIER_STEFAN,LiR,11,1916, Dreams,lir0287.txt,3,7,
BRAZIER_STEFAN,LiR,11,1916,Fear,lir0289.txt,3,7,
BRAZIER_STEFAN,LiR,11,1916,Memory,lir0288.txt,3,7,
BRAZIER_STEFAN,LiR,11,1916,Yen Shee,lir0286.txt,3,7,
TURBYFILL_MARK,LiR,11,1916,After thought,lir0291.txt,3,7,
TIETJENS_EUNICE,LiR,1,1917,Crepusucle,lir0292.txt,3,8,
TIETJENS_EUNICE,LiR,1,1917,Festival of dragon boats,lir0293.txt,3,8,
TIETJENS_EUNICE,LiR,1,1917,Kang Yi,lir0294.txt,3,8,
TIETJENS_EUNICE,LiR,1,1917,Poetics,lir0297.txt,3,8,
TIETJENS_EUNICE,LiR,1,1917,The Dream,lir0295.txt,3,8,
TIETJENS_EUNICE,LiR,1,1917,The Son of heaven,lir0296.txt,3,8,
TIETJENS_EUNICE,LiR,1,1917,Yin and Yang,lir0298.txt,3,8,Added
ALDINGTON_RICHARD,LiR,3,1917,Thanatos,lir0300.txt,3,9,Added
ALDINGTON_RICHARD,LiR,3,1917,Hermes-of-the-Dead,lir0301.txt,3,9,Added
LOWELL_AMY,LiR,3,1917,On a certain critic,lir0299.txt,3,9,
ALDINGTON_RICHARD,LiR,4,1917,  Stream,lir0044.txt,3,10,
ANONYMOUS,LiR,4,1917,A Mother's Sacrifice,lir0041.txt,3,10,Added - No Author
ASHLEIGH_CHARLES,LiR,4,1917,Once more-the road,lir0029.txt,3,10,
BODENHEIM_MAXWELL,LiR,4,1917,  Images of friendship,lir0043.txt,3,10,
BONHAM_L,LiR,4,1917, The Flower smeller,lir0033.txt,3,10,
BYNNER_WITTER,LiR,4,1917, The South,lir0040.txt,3,10,
COURNOS_JOHN,LiR,4,1917,The Assault,lir0038.txt,3,10,
D_H,LiR,4,1917,Sea Poppies,lir0042.txt,3,10,Added
DAWSON_MITCHELL,LiR,4,1917,  Girl of jade and ivory,lir0039.txt,3,10,
DORGE_JEANNE,LiR,4,1917,The Master,lir0027.txt,3,10,
FIELD_SARAH,LiR,4,1917, Victory,lir0031.txt,3,10,
HOLLEY_HORACE,LiR,4,1917,The Soldiers,lir0037.txt,3,10,
OBRIEN_EDWARD,LiR,4,1917,Flower,lir0025.txt,3,10,
OBRIEN_EDWARD,LiR,4,1917,Foam,lir0026.txt,3,10,
PETERS_FRITZ,LiR,4,1917,The wind blows hard…,lir0035.txt,3,10,Added
PETERS_THOMAS,LiR,4,1917,When it rains it makes beautiful colors…,lir0036.txt,3,10,Added
SEIFFERT_MARJORIE,LiR,4,1917,November Afternoon,lir0034.txt,3,10,Added
STORK_CHARLES,LiR,4,1917,Autumn ballet,lir0028.txt,3,10,
WATERS_MIRIAM,LiR,4,1917, Art is born,lir0032.txt,3,10,
WOLFF_ADOLF,LiR,4,1917,Lovescape,lir0030.txt,3,10,
HALL_JOHN,LiR,5,1917,Pierrots,lir0302.txt,4,1,
GILMORE_LOUIS,LiR,6,1917, Improvisation,lir0307.txt,4,2,
LI_PO,LiR,6,1917, Drunk,lir0305.txt,4,2,
LI_PO,LiR,6,1917,Gently-drunk woman,lir0303.txt,4,2,
LI_PO,LiR,6,1917,Mountain-top temple,lir0306.txt,4,2,
LI_PO,LiR,6,1917,Perfume-remembrance,lir0304.txt,4,2,
YEATS_WILLIAM,LiR,6,1917, Broken dreams,lir0313.txt,4,2,
YEATS_WILLIAM,LiR,6,1917,A Deep sworn vow,lir0311.txt,4,2,
YEATS_WILLIAM,LiR,6,1917,In memory,lir0314.txt,4,2,
YEATS_WILLIAM,LiR,6,1917,Men improve with the years,lir0310.txt,4,2,
YEATS_WILLIAM,LiR,6,1917,Presences,lir0309.txt,4,2,
YEATS_WILLIAM,LiR,6,1917,The Collar-bone of a hare,lir0312.txt,4,2,
YEATS_WILLIAM,LiR,6,1917,The Wild swans at Coole,lir0308.txt,4,2,
ELIOT_T,LiR,7,1917,The Hippopotamus,lir0316.txt,4,3,
GILMORE_LOUIS,LiR,7,1917, Improvisations,lir0317.txt,4,3,
MORGAN_EMANUEL,LiR,7,1917,Opus 96,lir0315.txt,4,3,
BARRY_IRIS,LiR,8,1917,His Girl,lir0331.txt,4,4,Added
BARRY_IRIS,LiR,8,1917,Widow,lir0332.txt,4,4,Added
BARRY_IRIS,LiR,8,1917,At the Ministry,lir0333.txt,4,4,Added
BARRY_IRIS,LiR,8,1917,The Black Fowl,lir0334.txt,4,4,Added
BARRY_IRIS,LiR,8,1917,At the Hotel,lir0335.txt,4,4,Added
BARRY_IRIS,LiR,8,1917,Towards the End,lir0336.txt,4,4,Added
GILMORE_LOUIS,LiR,8,1917,Orientale,lir0337.txt,4,4,Added
POUND_EZRA,LiR,8,1917,This Little Pig Went to Market,lir0330.txt,4,4,Added
RODKER_JOHN,LiR,8,1917,Interior,lir0325.txt,4,4,Added
RODKER_JOHN,LiR,8,1917,Hunger,lir0326.txt,4,4,Added
RODKER_JOHN,LiR,8,1917,"A room. Sombre face of 1, 2, and 4 (women) in profile…",lir0327.txt,4,4,Added
RODKER_JOHN,LiR,8,1917,To S.E.R.,lir0328.txt,4,4,Added
RODKER_JOHN,LiR,8,1917,"Thick twighlight. A long row of houses, several stories…",lir0329.txt,4,4,Added
YEATS_WILLIAM,LiR,8,1917,Upon a Dying Lady,lir0318.txt,4,4,Added
YEATS_WILLIAM,LiR,8,1917,Certain Artists Bring Her Dolls and Drawings,lir0319.txt,4,4,Added
YEATS_WILLIAM,LiR,8,1917,She Turns the Dolls' Faces to the Wall,lir0320.txt,4,4,Added
YEATS_WILLIAM,LiR,8,1917,She is playing like a child…,lir0321.txt,4,4,Added
YEATS_WILLIAM,LiR,8,1917,She has not grown uncivil…,lir0322.txt,4,4,Added
YEATS_WILLIAM,LiR,8,1917,When her soul flies to the predestined dancing-place…,lir0323.txt,4,4,Added
YEATS_WILLIAM,Lir,8,1917,Her Friends Bring Her a Christmas Tree,lir0324.txt,4,4,Added
POUND_EZRA,LiR,9,1917,L'Homme Moyen Sensuel,lir0338.txt,4,5,Added
SANBORNE_ROBERT,LiR,9,1917,The Children and Judas,lir0339.txt,4,5,Added
CHUI_PO,LiR,10,1917,The Harper of Chao (tr. Arthur Waley),lir0340.txt,4,6,Added - Reprinted in 4.8
CHUI_PO,LiR,10,1917,On the Way to Hangchow (tr. Arthur Waley),lir0341.txt,4,6,Added - Reprinted in 4.8
CHUI_PO,LiR,10,1917,Immortality (tr. Arthur Waley),lir0342.txt,4,6,Added - Reprinted in 4.8
CHUI_PO,LiR,10,1917,The Two Red Towers (tr. Arthur Waley),lir0343.txt,4,6,Added - Reprinted in 4.8
CHUI_PO,LiR,10,1917,On Board Ship (tr. Arthur Waley),lir0344.txt,4,6,Added - Reprinted in 4.8
CHUI_PO,LiR,10,1917,Arriving at Hsun-Yang (tr. Arthur Waley),lir0345.txt,4,6,Added - Reprinted in 4.8
CHUI_PO,LiR,10,1917,"After Getting Drunk, Becoming Sober in the Night (tr. Arthur Waley)",lir0346.txt,4,6,Added - Reprinted in 4.8
CHUI_PO,LiR,10,1917,Last Poem (tr. Arthur Waley),lir0347.txt,4,6,Added - Reprinted in 4.8
WILLIAMS_WILLIAM,LiR,10,1917,Improvisations,lir0348.txt,4,6,Added
H_J,LiR,11,1917,White,lir0355.txt,4,7,Added
H_J,LiR,11,1917,Void,lir0356.txt,4,7,Added
PO_LI,LiR,11,1917,Whose Daughter? (tr. Sasaki and Bodenheim),lir0350.txt,4,7,Added
PO_LI,LiR,11,1917,A Woman Speaks (tr. Sasaki and Bodenheim),lir0351.txt,4,7,Added
PO_LI,LiR,11,1917,A Woman Speaks (tr. Sasaki and Bodenheim),lir0352.txt,4,7,Added
PO_LI,LiR,11,1917,Veil-Skirt (tr. Sasaki and Bodenheim),lir0353.txt,4,7,Added
PO_LI,LiR,11,1917,I Go to Visit a Semi-God (tr. Sasaki and Bodenheim),lir0354.txt,4,7,Added
WHITE_J,LiR,11,1917,The Soul's Awakening,lir0349.txt,4,7,Added
CRANE_HART,LiR,12,1917,In Shadow,lir0358.txt,4,8,Added
GILMORE_LOUIS,LiR,12,1917,Improvisation,lir0357.txt,4,8,Added
KREMBORG_ALFRED,LiR,12,1917,Ezra's Indian Summer,lir0359.txt,4,8,Added
DISMORR_JESSIE,LiR,1,1918,The Convalescent in the South,lir0363.txt,4,9,Added
S_S,LiR,1,1918,"The Quintuple Effulgence, Or the Unapproachable Splendour",lir0361.txt,4,9,Added
SANDERS_ABEL,LiR,1,1918,Mr. Lindsay,lir0360.txt,4,9,Added
WILLIAMS_WILLIAM,LiR,1,1918,Improvisations - I-VI,lir0362.txt,4,9,Added
DISMORR_JESSIE,LiR,3,1918,Matinee,lir0050.txt,4,11,Added
X_EZRA,LiR,3,1918,Cantico Del Sole,lir0051.txt,4,11,Added
HECHT_BEN,LiR,4,1918,Fragments,lir0053.txt,4,12,Added
ANONYMOUS,LiR,5,1918,Alba (tr. Ezra Pound),lir0364.txt,5,1,Added - No Author
ANONYMOUS,LiR,5,1918,Vergier (tr. Ezra Pound),lir0368.txt,5,1,Added - No Author
BORNELLO_GIRART,LiR,5,1918,Compleynt of a Gentleman Who Has Been Waiting Outside for Some Time,lir0365.txt,5,1,Added
CERCAMON,LiR,5,1918,Descant on a Theme by Cerclamon (tr. Ezra Pound),lir0367.txt,5,1,Added
DANIEL_ARNAUT,LiR,5,1918,Canzon (tr. Ezra Pound),lir0369.txt,5,1,Added
DEPEITIEU_GUILHELM,LiR,5,1918,Avril (tr. Ezra Pound),lir0366.txt,5,1,Added
POUND_EZRA,LiR,5,1918,Mr. Styrax,lir0370.txt,5,1,Added
POUND_EZRA,LiR,5,1918,Clara,lir0371.txt,5,1,Added
POUND_EZRA,LiR,5,1918,Soiree,lir0372.txt,5,1,Added
POUND_EZRA,LiR,5,1918,Sketch 48 b. 11,lir0373.txt,5,1,Added
POUND_EZRA,LiR,5,1918,"""Nodier Raconte. . . . . . """,lir0374.txt,5,1,Added
POUND_EZRA,LiR,5,1918,Stele,lir0375.txt,5,1,Added
POUND_EZRA,LiR,5,1918,I Vecchii,lir0376.txt,5,1,Added
POUND_EZRA,LiR,5,1918,Ritratto,lir0377.txt,5,1,Added
POUND_EZRA,LiR,5,1918,Quis multa gracilis?,lir0378.txt,5,1,Added
DEVIAU_THEOPHILE,LiR,6,1918,"Sonnet from ""Le Parnasse Satyrique,"" 1622 (tr. S Foster Damon)",lir0379.txt,5,2,Added
KREMBORG_ALFRED,LiR,6,1918,Middle Age,lir0380.txt,5,2,Added
KREMBORG_ALFRED,LiR,6,1918,"Berg, Borg and Burg",lir0381.txt,5,2,Added
KREMBORG_ALFRED,LiR,6,1918,32 Fahrenheit,lir0382.txt,5,2,Added
LOWELL_AMY,LiR,6,1918,Dreams in wartime,lir0389.txt,5,2,
MICHELSON_MAX,LiR,6,1918,A Woman Tramp,lir0383.txt,5,2,Added
MICHELSON_MAX,LiR,6,1918,Dans L'Eau,lir0384.txt,5,2,Added
SANDBURG_CARL,LiR,6,1918,Haunts,lir0390.txt,5,2,Added
STEVENS_WALLACE,LiR,6,1918,Anecdote of Men by the Thousand,lir0385.txt,5,2,Added
STEVENS_WALLACE,LiR,6,1918,Metaphors of a Magnifico,lir0386.txt,5,2,Added
STEVENS_WALLACE,LiR,6,1918,Depression Before Spring,lir0387.txt,5,2,Added
TURBYFILL_MARK,LiR,6,1918,Shapes,lir0391.txt,5,2,Added
TURBYFILL_MARK,LiR,6,1918,She Goes to Pisa,lir0392.txt,5,2,Added
WILLIAMS_WILLIAM,LiR,6,1918,Love Song,lir0388.txt,5,2,Added
RIMBAUD_ARTHUR,LiR,7,1918,Vagabonds (tr. Helen Rootham),lir0394.txt,5,3,Added
RIMBAUD_ARTHUR,LiR,7,1918,Toilers (tr. Helen Rootham),lir0395.txt,5,3,Added
RIMBAUD_ARTHUR,LiR,7,1918,Devotion (tr. Helen Rootham),lir0396.txt,5,3,Added
RIMBAUD_ARTHUR,LiR,7,1918,Soir Historique (tr. Helen Rootham),lir0397.txt,5,3,Added
RIMBAUD_ARTHUR,LiR,7,1918,Promontory (tr. Helen Rootham),lir0398.txt,5,3,Added
RIMBAUD_ARTHUR,LiR,7,1918,The Stage (tr. Helen Rootham),lir0399.txt,5,3,Added
SANBORNE_ROBERT,LiR,7,1918,At the Elite,lir0393.txt,5,3,Added
ELIOT_T,LiR,9,1918,Sweeney Among the Nightingles,lir0401.txt,5,5,Added
ELIOT_T,LiR,9,1918,Whisper of Immortality,lir0402.txt,5,5,Added
ELIOT_T,LiR,9,1918,Mr. Eliot's Sunday Morning Service,lir0403.txt,5,5,Added
YEATS_WILLIAM,LiR,9,1918,In Memory of Robert Gregory,lir0400.txt,5,5,Added
YEATS_WILLIAM,LiR,10,1918,To a Young Girl,lir0404.txt,5,6,Added
YEATS_WILLIAM,LiR,10,1918,A Song,lir0405.txt,5,6,Added
YEATS_WILLIAM,LiR,10,1918,Solomon to Sheba,lir0406.txt,5,6,Added
YEATS_WILLIAM,LiR,10,1918,The Living Beauty,lir0407.txt,5,6,Added
YEATS_WILLIAM,LiR,10,1918,Under the Round Tower,lir0408.txt,5,6,Added
YEATS_WILLIAM,LiR,10,1918,Tom O'Roughley,lir0409.txt,5,6,Added
YEATS_WILLIAM,LiR,10,1918,A Prayer on going into my House,lir0410.txt,5,6,Added
D_H,LiR,11,1918,Chorus of the Women of Chalkis,lir0420.txt,5,7,Added
DANIEL_ARNAUT,LiR,11,1918,Glamour and Indigo (tr. Ezra Pound),lir0418.txt,5,7,Added
POUND_EZRA,LiR,11,1918,Cantus Planus,lir0411.txt,5,7,Added
POUND_EZRA,LiR,11,1918,Chanson Arabe,lir0412.txt,5,7,Added
POUND_EZRA,LiR,11,1918,Dawn on the Mountain,lir0413.txt,5,7,Added
POUND_EZRA,LiR,11,1918,Wine,lir0414.txt,5,7,Added
POUND_EZRA,LiR,11,1918,"ROSE WHITE, YELLOW, SILVER",lir0415.txt,5,7,Added
POUND_EZRA,LiR,11,1918,SALTUS,lir0416.txt,5,7,Added
POUND_EZRA,LiR,11,1918,Concava Vallis,lir0417.txt,5,7,Added
POUND_EZRA,LiR,11,1918,Upon the Harps of Judea,lir0419.txt,5,7,Added
AIKEN_CONRAD,LiR,12,1918,Tetelestai,lir0427.txt,5,8,Added
ANONYMOUS,LiR,12,1918,Autoepitaph,lir0421.txt,5,8,Added - No Author
BARNES_DJUNA,LiR,12,1918,Ah my God!,lir0422.txt,5,8,Added
BARNES_DJUNA,LiR,12,1918,To - - - - - -,lir0423.txt,5,8,Added
GILMORE_LOUIS,LiR,12,1918,The Week-end,lir0425.txt,5,8,Added
GILMORE_LOUIS,LiR,12,1918,The Moon,lir0432.txt,5,8,Added
HARTLEY_MARSDEN,LiR,12,1918,The Ivory Woman,lir0433.txt,5,8,Added
HARTLEY_MARSDEN,LiR,12,1918,Sunbather,lir0434.txt,5,8,Added
LORINGHOVEN_ELSA,LiR,12,1918,Mefk Maru Mustir Daas,lir0426.txt,5,8,Added
MOORE_MARIANNA,LiR,12,1918,You Say You Said,lir0431.txt,5,8,Added
STEVENS_WALLACE,LiR,12,1918,Architecture for the Adoration of Beauty,lir0428.txt,5,8,Added
STEVENS_WALLACE,LiR,12,1918,Nuances of a Theme by Williams,lir0429.txt,5,8,Added
STEVENS_WALLACE,LiR,12,1918,Anecdote of Canna,lir0430.txt,5,8,Added
WILLIAMS_WILLIAM,LiR,12,1918,The Ideal Quarrel,lir0424.txt,5,8,Added
BODENHEIM_MAXWELL,LiR,2,1919,Advice to a Horned Toad,lir0001.txt,5,11,Added
BODENHEIM_MAXWELL,LiR,4,1919,Advice to Maple-Trees,lir0056.txt,5,12,Added
GOULD_WALLACE,LiR,4,1919,"Selections from ""A Drift of the Year""",lir0055.txt,5,12,Added
TURBYFILL_MARK,LiR,4,1919,Snow Scene: Puppet Booth,lir0054.txt,5,12,Added
BODENHEIM_MAXWELL,LiR,5,1919,Advice to a Switch-Engine,lir0435.txt,6,1,Added
GILMORE_LOUIS,LiR,5,1919,"""Drawing-Room""",lir0436.txt,6,1,Added
LORINGHOVEN_ELSA,LiR,5,1919,Moving-Picture and Prayer,lir0437.txt,6,1,Added
LORINGHOVEN_ELSA,LiR,5,1919,Metaphysical Speculation - Logic - Concerning Love to Flame-Flagged Man,lir0438.txt,6,1,Added
LORINGHOVEN_ELSA,LiR,5,1919,King Adam,lir0439.txt,6,1,Added
BODENHEIM_MAXWELL,LiR,6,1919,Advice to a Street-Pavement,lir0442.txt,6,2,Added
CRELOS,LiR,6,1919,Whitehall,lir0440.txt,6,2,Added
GILMORE_LOUIS,LiR,6,1919,"Exclamation over the ""Portrait of Mlle. - Pogany""",lir0443.txt,6,2,Added
SERGEL_ROGER,LiR,6,1919,Hokku: Evening,lir0441.txt,6,2,Added
BELLAMANN_H,LiR,7,1919,Derriere L'echo,lir0460.txt,6,3,Added
BELLAMANN_H,LiR,7,1919,The Dancer in the Mirror,lir0461.txt,6,3,Added
BELLAMANN_H,LiR,7,1919,Atavistic,lir0462.txt,6,3,Added
BELLAMANN_H,LiR,7,1919,Garden Corner,lir0463.txt,6,3,Added
BODENHEIM_MAXWELL,LiR,7,1919,Advice to a Blue-Bird,lir0444.txt,6,3,Added
COWLEY_MALCOLM,LiR,7,1919,Sunday Afternoon,lir0449.txt,6,3,Added
GOULD_WALLACE,LiR,7,1919,"I send these violets, Madame…",lir0445.txt,6,3,Added
GOULD_WALLACE,LiR,7,1919,I should have stuck you between the eyes…,lir0446.txt,6,3,Added
GOULD_WALLACE,LiR,7,1919,"It is a losing game, old dear…",lir0447.txt,6,3,Added
HELLER_HELEN,LiR,7,1919,Alone in the House,lir0451.txt,6,3,Added
KETCH_JOHN,LiR,7,1919,The Commandments of the Somewhat (Unfinished),lir0450.txt,6,3,Added
RODKER_JOHN,LiR,7,1919,Wax dummy in shop window,lir0452.txt,6,3,Added
RODKER_JOHN,LiR,7,1919,Wild West - remittance man,lir0453.txt,6,3,Added
RODKER_JOHN,LiR,7,1919,"""The Pale Hysterical Ecstacy""",lir0454.txt,6,3,Added
RODKER_JOHN,LiR,7,1919,The End of the World,lir0455.txt,6,3,Added
RODKER_JOHN,LiR,7,1919,The Bowed Head,lir0456.txt,6,3,Added
RODKER_JOHN,LiR,7,1919,Chryselephantine,lir0457.txt,6,3,Added
RODKER_JOHN,LiR,7,1919,Dutch Dolls (Second Series),lir0458.txt,6,3,Added
RODKER_JOHN,LiR,7,1919,Unliterary,lir0459.txt,6,3,Added
WINTERS_A,LiR,7,1919,Profiles and Afternoons: Prelude,lir0448.txt,6,3,Added
BODENHEIM_MAXWELL,LiR,8,1919,Advice to a Butter-cup,lir0473.txt,6,4,Added
CARNEVALI_EMANUEL,LiR,8,1919,A Sentimental Scheme,lir0472.txt,6,4,Added
DISMORR_JESSIE,LiR,8,1919,Spring,lir0465.txt,6,4,Added
DISMORR_JESSIE,LiR,8,1919,The Enemy,lir0466.txt,6,4,Added
DISMORR_JESSIE,LiR,8,1919,Promenade,lir0467.txt,6,4,Added
DISMORR_JESSIE,LiR,8,1919,Islands,lir0468.txt,6,4,Added
DISMORR_JESSIE,LiR,8,1919,Twilight,lir0469.txt,6,4,Added
DISMORR_JESSIE,LiR,8,1919,Landscape,lir0470.txt,6,4,Added
DISMORR_JESSIE,LiR,8,1919,S - D - ,lir0471.txt,6,4,Added
GILMORE_LOUIS,LiR,8,1919,Pastoral,lir0464.txt,6,4,Added
RODKER_JOHN,LiR,8,1919,God Bless This Bottle,lir0476.txt,6,4,Added
TURBYFILL_MARK,LiR,8,1919,A Young Man Talking About a Woman (To J.S.),lir0474.txt,6,4,Added
TURBYFILL_MARK,LiR,8,1919,Fragment of a Vision (To J.S.),lir0475.txt,6,4,Added
CARNEVALI_EMANUEL,LiR,9,1919,Kiss,lir0477.txt,6,5,Added
STONE_ALFRED,LiR,9,1919,Grotesklinien des Claviers (with apologies to M.I.),lir0478.txt,6,5,Added
GILMORE_LOUIS,LiR,10,1919,Ballade,lir0479.txt,6,6,Added
ROSENBERG_ISAAC,LiR,10,1919,Caught still as Absalam…,lir0480.txt,6,6,Added
VILDRAC_CHARLES,LiR,10,1919,A Visit (tr. Witter Bynner),lir0481.txt,6,6,Added
TURBYFILL_MARK,LiR,11,1919,Fertile Gesture,lir0482.txt,6,7,Added
MATHERS_EDWARD,LiR,12,1919,Six Love Songs,lir0483.txt,6,8,Added
BELLAMANN_H,LiR,1,1920,Nuptial Hour,lir0492.txt,6,9,Added
BELLAMANN_H,LiR,1,1920,August Afternoon,lir0493.txt,6,9,Added
BYNNER_WITTER,LiR,1,1920,The Wild Star,lir0495.txt,6,9,Added
HOLBROOK_WEARE,LiR,1,1920,A Bequest,lir0494.txt,6,9,Added
LORINGHOVEN_ELSA,LiR,1,1920,Buddha,lir0484.txt,6,9,Added
LORINGHOVEN_ELSA,LiR,1,1920,Father!,lir0485.txt,6,9,Added
REISS_ROBERT,LiR,1,1920,Paint,lir0496.txt,6,9,Added
REISS_ROBERT,LiR,1,1920,Wall Paper Design,lir0497.txt,6,9,Added
REISS_ROBERT,LiR,1,1920,Miniature,lir0498.txt,6,9,Added
REISS_ROBERT,LiR,1,1920,Shredded Gossip,lir0499.txt,6,9,Added
REISS_ROBERT,LiR,1,1920,Ten Years After,lir0500.txt,6,9,Added
WILLIAMS_WILLIAM,LiR,1,1920,A Coronal,lir0486.txt,6,9,Added
WILLIAMS_WILLIAM,LiR,1,1920,Waiting,lir0487.txt,6,9,Added
WILLIAMS_WILLIAM,LiR,1,1920,The Hunter,lir0488.txt,6,9,Added
WILLIAMS_WILLIAM,LiR,1,1920,Arival,lir0489.txt,6,9,Added
WILLIAMS_WILLIAM,LiR,1,1920,To Mark Anthony in Heaven,lir0490.txt,6,9,Added
WILLIAMS_WILLIAM,LiR,1,1920,To a Friend Concerning Several Ladies,lir0491.txt,6,9,Added
BYNNER_WITTER,LiR,3,1920,Temple Inscriptions,lir0006.txt,6,10,Added
CHICHANG_HE,LiR,3,1920,Coming Home,lir0005.txt,6,10,Added
LING_WANG,LiR,3,1920,A Message from the Fu Yong Inn entrusted to Hsin Chjen,lir0003.txt,6,10,Added
PIN_LI,LiR,3,1920,Cross the Han toward Home,lir0004.txt,6,10,Added
SHEN_TSENG,LiR,3,1920,To a Traveler Bound for the Capital,lir0002.txt,6,10,Added
COWLEY_MALCOLM,LiR,4,1920,Clinic,lir0052.txt,6,11,Added
CHANGCHING_LIU,LiR,6,1920,On a Lute (tr. Bynner and Kang-Hu),lir0504.txt,7,1,Added
CHIEN_WANG,LiR,6,1920,A New Bride,lir0507.txt,7,1,Added
CHIHHUAN_WANG,LiR,6,1920,The Tall Inn,lir0508.txt,7,1,Added
CHINGYU_CHU,LiR,6,1920,As I Face the Government Examinations,lir0510.txt,7,1,Added
HAOJAN_MENG,LiR,6,1920,A Spring Morning (tr. Bynner and Kang-Hu),lir0503.txt,7,1,Added
FU_TU,LiR,6,1920,To a Strayed Musician (tr. Bynner and Kang-Hu),lir0505.txt,7,1,Added
MU_TU,LiR,6,1920,Climbing to Lo Yu Cemetary,lir0511.txt,7,1,Added
PING_LIU,LiR,6,1920,A Moonlight Night (tr. Bynner and Kang-Hu),lir0506.txt,7,1,Added
TURBYFILL_MARK,LiR,6,1920,The Metaphysical Botanists,lir0501.txt,7,1,Added
TURBYFILL_MARK,LiR,6,1920,Batik,lir0502.txt,7,1,Added
YUSHI_LIU,LiR,6,1920,The Street of Swallows,lir0509.txt,7,1,Added
COWLEY_MALCOLM,LiR,8,1920,Four Horological Poems,lir0512.txt,7,2,Added
LORINGHOVEN_ELSA,LiR,8,1920,Holy Skirts,lir0514.txt,7,2,Added
LORINGHOVEN_ELSA,LiR,8,1920,Marie Ida Sequence (Gesture of Soul - Action - Architecture - Evolutionary),lir0515.txt,7,2,Added
REISS_ROBERT,LiR,8,1920,In the Country,lir0513.txt,7,2,Added
WRYNN_ANTHONY,LiR,8,1920,Genius,lir0516.txt,7,2,Added
WRYNN_ANTHONY,LiR,8,1920,Soil,lir0517.txt,7,2,Added
CRANE_HART,LiR,9,1920,Garden Abstract,lir0527.txt,7,3,Added
LORINGHOVEN_ELSA,LiR,9,1920,Appalling Heart,lir0520.txt,7,3,Added
LORINGHOVEN_ELSA,LiR,9,1920,Blast,lir0521.txt,7,3,Added
LORINGHOVEN_ELSA,LiR,9,1920,Moonstone,lir0522.txt,7,3,Added
LORINGHOVEN_ELSA,LiR,9,1920,Heart (Dance of Shiva),lir0523.txt,7,3,Added
LORINGHOVEN_ELSA,LiR,9,1920,Cathedral,lir0524.txt,7,3,Added
LORINGHOVEN_ELSA,LiR,9,1920,Is it?,lir0525.txt,7,3,Added
LORINGHOVEN_ELSA,LiR,9,1920,Gihirda's Dance,lir0526.txt,7,3,Added
LOY_MINA,LiR,9,1920,Lions' Jaws,lir0518.txt,7,3,Added
LOY_MINA,LiR,9,1920,Envoi,lir0519.txt,7,3,Added
LORINGHOVEN_ELSA,LiR,3,1921,"Thee I Call ""Hamlet of Wedding-Ring'",lir0528.txt,7,4,Added
TURBYFILL_MARK,LiR,3,1921,Indisposition,lir0529.txt,7,4,Added
LORINGHOVEN_ELSA,LiR,9,1921,"Thee I Call ""Hamlet of Wedding-Ring,' Part II",lir0530.txt,8,1,Added
SANDERS_ABEL,LiR,9,1921,Codsway bugwash…,lir0531.txt,8,1,Added
DRAPER_MURIEL,LiR,3,1922,Loose Leaf Products,lir0535.txt,8,2,Added
DRAPER_MURIEL,LiR,3,1922,America,lir0536.txt,8,2,Added
GILMORE_LOUIS,LiR,3,1922,Nocturne,lir0533.txt,8,2,Added
RODKER_JOHN,LiR,3,1922,Southern Syncopated Singers,lir0532.txt,8,2,Added
SANDERS_ABEL,LiR,3,1922,"Western School of Poesy, Synthese",lir0534.txt,8,2,Added
STEIN_GERTUDE,LiR,3,1922,Vacation in Britany,lir0537.txt,8,2,Added
ANONYMOUS,LiR,10,1922,Ocean Aquarium,lir0540.txt,9,1,Added -  No Author
ANONYMOUS,LiR,10,1922,Landscape,lir0541.txt,9,1,Added -  No Author
DAWSON_MITCHELL,LiR,10,1922,Garden,lir0538.txt,9,1,Added
SCHEIDER_ISIDOR,LiR,10,1922,Funderal,lir0539.txt,9,1,Added
ANONYMOUS,LiR,12,1922,THE ELECTRIC CHAIR,lir0544.txt,9,2,Added -  No Author
ANONYMOUS,LiR,12,1922,I Cannot Sleep,lir0545.txt,9,2,Added -  No Author
GILMORE_LOUIS,LiR,12,1922,Triangle,lir0543.txt,9,2,Added
LORINGHOVEN_ELSA,LiR,12,1922,Affectionate,lir0542.txt,9,2,Added
,,,,,,,,
,,,,,,,,
,,,,,,,,
,,,,,,,,
,,,,,,,,
,,,,,,,,
,,,,,,,,
,,,,,,,,
,,,,,,,,
,,,,,,,,
,,,,,,,,
,,,,,,,,
,,,,,,,,
,,,,,,,,
,,,,,,,,
,,,,,,,,
,,,,,,,,
,,,,,,,,
,,,,,,,,
,,,,,,,,
,,,,,,,,
,,,,,,,,
,,,,,,,,
,,,,,,,,
,,,,,,,,
,,,,,,,,
,,,,,,,,
,,,,,,,,
,,,,,,,,
,,,,,,,,
,,,,,,,,
,,,,,,,,
,,,,,,,,
,,,,,,,,
,,,,,,,,
,,,,,,,,
